,text
0,"### Human: What is the living world according to biology?### Assistant: The living world, according to biology, encompasses a diverse range of living organisms and life processes."
1,"### Human: Can you provide insights into the early perceptions of living organisms by humans?### Assistant: Early humans perceived a distinction between inanimate matter and living organisms, often deifying both. A sense of awe or fear was common to both categories."
2,"### Human: Who is Ernst Mayr, and what contributions did he make to evolutionary biology?### Assistant: Ernst Mayr, born on 5 July 1904, was a prominent Harvard University evolutionary biologist, known as the 'Darwin of the 20th century.' He made significant contributions to ornithology, taxonomy, zoogeography, evolution, and systematics."
3,"### Human: What is the significance of biodiversity in the context of living organisms?### Assistant: Biodiversity, recognizing the interconnectedness of all living organisms, has led to cultural movements for the conservation of diverse species. It underscores the relationship between present-day organisms and those throughout Earth's history."
4,"### Human: How is nomenclature important in the study of living organisms?### Assistant: Nomenclature, the standardized naming of living organisms, is crucial for effective communication among scientists worldwide. It involves assigning scientific names based on agreed principles and criteria."
5,"### Human: What is the process of classification in taxonomy?### Assistant: Classification in taxonomy is the systematic grouping of living organisms into categories or taxa based on observable characteristics. It involves identifying, characterizing, and arranging organisms based on their external and internal features."
6,"### Human: How did early classifications of organisms originate?### Assistant: Early classifications were based on the practical 'uses' of organisms, meeting human needs for food, clothing, and shelter. They were driven by the utility of different species to human life."
7,"### Human: What is the scope of systematics in the study of organisms?### Assistant: Systematics, derived from the Latin word 'systema,' involves the systematic arrangement of organisms. Initially focused on relationships and arrangements, it later expanded to include identification, nomenclature, and classification, considering evolutionary connections."
8,"### Human: Can you explain the taxonomic categories and hierarchy used in classifying organisms?### Assistant: Taxonomic categories, forming a hierarchy, include kingdom, phylum (or division for plants), class, order, family, genus, and species. These categories represent distinct biological entities, and each level, or taxon, signifies a unit of classification."
0,"### Human: What is the living world according to biology?### Assistant: The living world, according to biology, encompasses a diverse range of living organisms and life processes."
1,"### Human: Can you provide insights into the early perceptions of living organisms by humans?### Assistant: Early humans perceived a distinction between inanimate matter and living organisms, often deifying both. A sense of awe or fear was common to both categories."
2,"### Human: Who is Ernst Mayr, and what contributions did he make to evolutionary biology?### Assistant: Ernst Mayr, born on 5 July 1904, was a prominent Harvard University evolutionary biologist, known as the 'Darwin of the 20th century.' He made significant contributions to ornithology, taxonomy, zoogeography, evolution, and systematics."
3,"### Human: What is the significance of biodiversity in the context of living organisms?### Assistant: Biodiversity, recognizing the interconnectedness of all living organisms, has led to cultural movements for the conservation of diverse species. It underscores the relationship between present-day organisms and those throughout Earth's history."
4,"### Human: How is nomenclature important in the study of living organisms?### Assistant: Nomenclature, the standardized naming of living organisms, is crucial for effective communication among scientists worldwide. It involves assigning scientific names based on agreed principles and criteria."
5,"### Human: What is the process of classification in taxonomy?### Assistant: Classification in taxonomy is the systematic grouping of living organisms into categories or taxa based on observable characteristics. It involves identifying, characterizing, and arranging organisms based on their external and internal features."
6,"### Human: How did early classifications of organisms originate?### Assistant: Early classifications were based on the practical 'uses' of organisms, meeting human needs for food, clothing, and shelter. They were driven by the utility of different species to human life."
7,"### Human: What is the scope of systematics in the study of organisms?### Assistant: Systematics, derived from the Latin word 'systema,' involves the systematic arrangement of organisms. Initially focused on relationships and arrangements, it later expanded to include identification, nomenclature, and classification, considering evolutionary connections."
8,"### Human: Can you explain the taxonomic categories and hierarchy used in classifying organisms?### Assistant: Taxonomic categories, forming a hierarchy, include kingdom, phylum (or division for plants), class, order, family, genus, and species. These categories represent distinct biological entities, and each level, or taxon, signifies a unit of classification."
0,"### Human: What is the living world according to biology?### Assistant: The living world, according to biology, encompasses a diverse range of living organisms and life processes."
1,"### Human: Can you provide insights into the early perceptions of living organisms by humans?### Assistant: Early humans perceived a distinction between inanimate matter and living organisms, often deifying both. A sense of awe or fear was common to both categories."
2,"### Human: Who is Ernst Mayr, and what contributions did he make to evolutionary biology?### Assistant: Ernst Mayr, born on 5 July 1904, was a prominent Harvard University evolutionary biologist, known as the 'Darwin of the 20th century.' He made significant contributions to ornithology, taxonomy, zoogeography, evolution, and systematics."
3,"### Human: What is the significance of biodiversity in the context of living organisms?### Assistant: Biodiversity, recognizing the interconnectedness of all living organisms, has led to cultural movements for the conservation of diverse species. It underscores the relationship between present-day organisms and those throughout Earth's history."
4,"### Human: How is nomenclature important in the study of living organisms?### Assistant: Nomenclature, the standardized naming of living organisms, is crucial for effective communication among scientists worldwide. It involves assigning scientific names based on agreed principles and criteria."
5,"### Human: What is the process of classification in taxonomy?### Assistant: Classification in taxonomy is the systematic grouping of living organisms into categories or taxa based on observable characteristics. It involves identifying, characterizing, and arranging organisms based on their external and internal features."
6,"### Human: How did early classifications of organisms originate?### Assistant: Early classifications were based on the practical 'uses' of organisms, meeting human needs for food, clothing, and shelter. They were driven by the utility of different species to human life."
7,"### Human: What is the scope of systematics in the study of organisms?### Assistant: Systematics, derived from the Latin word 'systema,' involves the systematic arrangement of organisms. Initially focused on relationships and arrangements, it later expanded to include identification, nomenclature, and classification, considering evolutionary connections."
8,"### Human: Can you explain the taxonomic categories and hierarchy used in classifying organisms?### Assistant: Taxonomic categories, forming a hierarchy, include kingdom, phylum (or division for plants), class, order, family, genus, and species. These categories represent distinct biological entities, and each level, or taxon, signifies a unit of classification."
0,"### Human: What is the living world according to biology?### Assistant: The living world, according to biology, encompasses a diverse range of living organisms and life processes."
1,"### Human: Can you provide insights into the early perceptions of living organisms by humans?### Assistant: Early humans perceived a distinction between inanimate matter and living organisms, often deifying both. A sense of awe or fear was common to both categories."
2,"### Human: Who is Ernst Mayr, and what contributions did he make to evolutionary biology?### Assistant: Ernst Mayr, born on 5 July 1904, was a prominent Harvard University evolutionary biologist, known as the 'Darwin of the 20th century.' He made significant contributions to ornithology, taxonomy, zoogeography, evolution, and systematics."
3,"### Human: What is the significance of biodiversity in the context of living organisms?### Assistant: Biodiversity, recognizing the interconnectedness of all living organisms, has led to cultural movements for the conservation of diverse species. It underscores the relationship between present-day organisms and those throughout Earth's history."
4,"### Human: How is nomenclature important in the study of living organisms?### Assistant: Nomenclature, the standardized naming of living organisms, is crucial for effective communication among scientists worldwide. It involves assigning scientific names based on agreed principles and criteria."
5,"### Human: What is the process of classification in taxonomy?### Assistant: Classification in taxonomy is the systematic grouping of living organisms into categories or taxa based on observable characteristics. It involves identifying, characterizing, and arranging organisms based on their external and internal features."
6,"### Human: How did early classifications of organisms originate?### Assistant: Early classifications were based on the practical 'uses' of organisms, meeting human needs for food, clothing, and shelter. They were driven by the utility of different species to human life."
7,"### Human: What is the scope of systematics in the study of organisms?### Assistant: Systematics, derived from the Latin word 'systema,' involves the systematic arrangement of organisms. Initially focused on relationships and arrangements, it later expanded to include identification, nomenclature, and classification, considering evolutionary connections."
8,"### Human: Can you explain the taxonomic categories and hierarchy used in classifying organisms?### Assistant: Taxonomic categories, forming a hierarchy, include kingdom, phylum (or division for plants), class, order, family, genus, and species. These categories represent distinct biological entities, and each level, or taxon, signifies a unit of classification."
0,"### Human: What is the living world according to biology?### Assistant: The living world, according to biology, encompasses a diverse range of living organisms and life processes."
1,"### Human: Can you provide insights into the early perceptions of living organisms by humans?### Assistant: Early humans perceived a distinction between inanimate matter and living organisms, often deifying both. A sense of awe or fear was common to both categories."
2,"### Human: Who is Ernst Mayr, and what contributions did he make to evolutionary biology?### Assistant: Ernst Mayr, born on 5 July 1904, was a prominent Harvard University evolutionary biologist, known as the 'Darwin of the 20th century.' He made significant contributions to ornithology, taxonomy, zoogeography, evolution, and systematics."
3,"### Human: What is the significance of biodiversity in the context of living organisms?### Assistant: Biodiversity, recognizing the interconnectedness of all living organisms, has led to cultural movements for the conservation of diverse species. It underscores the relationship between present-day organisms and those throughout Earth's history."
4,"### Human: How is nomenclature important in the study of living organisms?### Assistant: Nomenclature, the standardized naming of living organisms, is crucial for effective communication among scientists worldwide. It involves assigning scientific names based on agreed principles and criteria."
5,"### Human: What is the process of classification in taxonomy?### Assistant: Classification in taxonomy is the systematic grouping of living organisms into categories or taxa based on observable characteristics. It involves identifying, characterizing, and arranging organisms based on their external and internal features."
6,"### Human: How did early classifications of organisms originate?### Assistant: Early classifications were based on the practical 'uses' of organisms, meeting human needs for food, clothing, and shelter. They were driven by the utility of different species to human life."
7,"### Human: What is the scope of systematics in the study of organisms?### Assistant: Systematics, derived from the Latin word 'systema,' involves the systematic arrangement of organisms. Initially focused on relationships and arrangements, it later expanded to include identification, nomenclature, and classification, considering evolutionary connections."
8,"### Human: Can you explain the taxonomic categories and hierarchy used in classifying organisms?### Assistant: Taxonomic categories, forming a hierarchy, include kingdom, phylum (or division for plants), class, order, family, genus, and species. These categories represent distinct biological entities, and each level, or taxon, signifies a unit of classification."
0,"### Human: What is the living world according to biology?### Assistant: The living world, according to biology, encompasses a diverse range of living organisms and life processes."
1,"### Human: Can you provide insights into the early perceptions of living organisms by humans?### Assistant: Early humans perceived a distinction between inanimate matter and living organisms, often deifying both. A sense of awe or fear was common to both categories."
2,"### Human: Who is Ernst Mayr, and what contributions did he make to evolutionary biology?### Assistant: Ernst Mayr, born on 5 July 1904, was a prominent Harvard University evolutionary biologist, known as the 'Darwin of the 20th century.' He made significant contributions to ornithology, taxonomy, zoogeography, evolution, and systematics."
3,"### Human: What is the significance of biodiversity in the context of living organisms?### Assistant: Biodiversity, recognizing the interconnectedness of all living organisms, has led to cultural movements for the conservation of diverse species. It underscores the relationship between present-day organisms and those throughout Earth's history."
4,"### Human: How is nomenclature important in the study of living organisms?### Assistant: Nomenclature, the standardized naming of living organisms, is crucial for effective communication among scientists worldwide. It involves assigning scientific names based on agreed principles and criteria."
5,"### Human: What is the process of classification in taxonomy?### Assistant: Classification in taxonomy is the systematic grouping of living organisms into categories or taxa based on observable characteristics. It involves identifying, characterizing, and arranging organisms based on their external and internal features."
6,"### Human: How did early classifications of organisms originate?### Assistant: Early classifications were based on the practical 'uses' of organisms, meeting human needs for food, clothing, and shelter. They were driven by the utility of different species to human life."
7,"### Human: What is the scope of systematics in the study of organisms?### Assistant: Systematics, derived from the Latin word 'systema,' involves the systematic arrangement of organisms. Initially focused on relationships and arrangements, it later expanded to include identification, nomenclature, and classification, considering evolutionary connections."
8,"### Human: Can you explain the taxonomic categories and hierarchy used in classifying organisms?### Assistant: Taxonomic categories, forming a hierarchy, include kingdom, phylum (or division for plants), class, order, family, genus, and species. These categories represent distinct biological entities, and each level, or taxon, signifies a unit of classification."
